<?xml version="1.0" encoding="UTF-8"?>
<project-private xmlns="http://www.netbeans.org/ns/project-private/1">
    <editor-bookmarks xmlns="http://www.netbeans.org/ns/editor-bookmarks/2" lastBookmarkId="0"/>
    <open-files xmlns="http://www.netbeans.org/ns/projectui-open-files/2">
        <group>
            <file>file:/C:/Users/Jordan/Documents/NetBeansProjects/MonBlog/css/bootstrap.css</file>
            <file>file:/C:/Users/Jordan/Documents/NetBeansProjects/MonBlog/connexion.php</file>
            <file>file:/C:/Users/Jordan/Documents/NetBeansProjects/MonBlog/index.php</file>
            <file>file:/C:/Users/Jordan/Documents/NetBeansProjects/MonBlog/templates/connexion.tpl</file>
            <file>file:/C:/Users/Jordan/Documents/NetBeansProjects/MonBlog/includes/connexion.inc.php</file>
            <file>file:/C:/Users/Jordan/Documents/NetBeansProjects/MonBlog/includes/menu.inc.php</file>
            <file>file:/C:/Users/Jordan/Documents/NetBeansProjects/MonBlog/supprimer.php</file>
            <file>file:/C:/Users/Jordan/Documents/NetBeansProjects/MonBlog/deconnexion.php</file>
            <file>file:/C:/Users/Jordan/Documents/NetBeansProjects/MonBlog/inscription.php</file>
            <file>file:/C:/Users/Jordan/Documents/NetBeansProjects/MonBlog/article.php</file>
        </group>
    </open-files>
</project-private>
